id,created_at,updated_at,deleted_at,nom
1,,,,ABIDJAN 1
2,,,,ABIDJAN 2
3,,,,AGNEBY TIASSA
4,,,,BAFING
5,,,,BAGOUE
6,,,,BELIER
7,,,,BERE
8,,,,BOUNKANI
9,,,,CAVALLY
10,,,,FOLON
11,,,,GBEKE
12,,,,GBOKLE
13,,,,GOH
14,,,,GONTOUGO
15,,,,GRANDS PONTS
16,,,,GUEMON
17,,,,HAMBOL
18,,,,HAUT SASSANDRA
19,,,,IFFOU
20,,,,INDENIE DJUABLIN
21,,,,KABADOUGOU
22,,,,LA ME
23,,,,LOH DJIBOUA
24,,,,MARAHOUE
25,,,,MORONOU
26,,,,N'ZI
27,,,,NAWA
28,,,,PORO
29,,,,SAN PEDRO
30,,,,SUD COMOE
31,,,,TONKPI
32,,,,TCHOLOGO
33,,,,WORODOUGOU
34,,,,DEMO
35,,,,SAH
